GenreLink,Genre,NumberOfPeople
/work/shelves/488119,to-read,3
/work/shelves/488119,nonfiction,2
/work/shelves/488119,travel,1
/work/shelves/46097359,to-read,343
/work/shelves/46097359,currently-reading,72
/work/shelves/46097359,philosophy,37
/work/shelves/46097359,own,21
/work/shelves/46097359,classics,20
/work/shelves/46097359,harvard-classics,18
/work/shelves/46097359,owned,15
/work/shelves/46097359,non-fiction,7
/work/shelves/46097359,history,6
/work/shelves/46097359,books-i-own,6
/work/shelves/46097359,nonfiction,4
/work/shelves/46097359,library,4
/work/shelves/46097359,classic,3
/work/shelves/46097359,favorites,3
/work/shelves/46097359,my-library,3
/work/shelves/46097359,hardcover,2
/work/shelves/46097359,philosophy-ethics,2
/work/shelves/46097359,on-the-shelf,2
/work/shelves/46097359,home-library,2
/work/shelves/46097359,own-it,2
/work/shelves/46097359,owned-but-unread,2
/work/shelves/46097359,fine-binding,2
/work/shelves/46097359,greats,1
/work/shelves/46097359,no-plans,1
/work/shelves/46097359,self-improvement,1
/work/shelves/46097359,philosophical_edu<br/>cation,1
/work/shelves/46097359,kindle-edition,1
/work/shelves/46097359,classic-print-copy,1
/work/shelves/46097359,jonathan,1
/work/shelves/46097359,january-december-tbr,1
/work/shelves/46097359,my-ideal-bookshelf,1
/work/shelves/46097359,november-tbr-victober-nonfiction-ja,1
/work/shelves/46097359,classical-education,1
/work/shelves/46097359,breaking-the-fourth-wall,1
/work/shelves/46097359,have-read,1
/work/shelves/46097359,want-to-own,1
/work/shelves/46097359,books-i-own-but-haven-t-finished,1
/work/shelves/46097359,owns,1
/work/shelves/46097359,harvard-classics-project,1
/work/shelves/46097359,tbc,1
/work/shelves/46097359,my-nonfiction-library,1
/work/shelves/46097359,spirituality,1
/work/shelves/46097359,own-physical,1
/work/shelves/46097359,anti-ka-filozofija,1
/work/shelves/46097359,hardcovers,1
/work/shelves/46097359,owned-hardcover,1
/work/shelves/46097359,home,1
/work/shelves/46097359,probably-won-t-finish,1
/work/shelves/46097359,on-my-shelf-but-yet-to-be-read,1
/work/shelves/46097359,myhomelibrary,1
/work/shelves/46097359,e-book,1
/work/shelves/46097359,classic-literature,1
/work/shelves/46097359,high-school,1
/work/shelves/46097359,philosophy-culture-criticism,1
/work/shelves/46097359,how-to,1
/work/shelves/46097359,tbr-nonfiction,1
/work/shelves/46097359,primary-sources-roman,1
/work/shelves/46097359,personal-collection,1
/work/shelves/46097359,read-non-fiction,1
/work/shelves/46097359,reimer-library,1
/work/shelves/46097359,want-to-read-own,1
/work/shelves/46097359,my-library-classics,1
/work/shelves/46097359,philosophy-culture,1
/work/shelves/46097359,books-i-have-at-home,1
/work/shelves/46097359,books-b-c,1
/work/shelves/46097359,stoicism,1
/work/shelves/46097359,world-literature,1
/work/shelves/46097359,my-collection,1
/work/shelves/46097359,history-geography,1
/work/shelves/46097359,bedside-table,1
/work/shelves/46097359,my-books,1
/work/shelves/46097359,half-read-limbo,1
/work/shelves/46097359,kmritsa-to-read,1
/work/shelves/46097359,kmritsa-philosophy,1
/work/shelves/46097359,kmritsa-library,1
/work/shelves/46097359,keepsake-owned,1
/work/shelves/46097359,english-major,1
/work/shelves/46097359,college-level,1
/work/shelves/46097359,zz-living-room,1
/work/shelves/46097359,various-nonfiction,1
/work/shelves/46097359,to-read-maybe,1
/work/shelves/46097359,to-read-books-i-own,1
/work/shelves/46097359,special-books,1
/work/shelves/46097359,signed-or-special-editions,1
/work/shelves/46097359,shelved,1
/work/shelves/46097359,read-with-mom,1
/work/shelves/46097359,political-philosophy,1
/work/shelves/46097359,philosopy,1
/work/shelves/46097359,partially-read,1
/work/shelves/46097359,ownhardcopy,1
/work/shelves/46097359,owned-unread,1
/work/shelves/46097359,owned-but-not-read,1
/work/shelves/46097359,own-mine,1
/work/shelves/488124,to-read,20
/work/shelves/488124,own,2
/work/shelves/488124,non-fiction,2
/work/shelves/488124,audio-wanted,1
/work/shelves/488124,ll-want_audio,1
/work/shelves/488124,tv,1
/work/shelves/488124,on-sale,1
/work/shelves/488124,fill-um,1
/work/shelves/488124,fiction,1
/work/shelves/488124,cul-poli-phil-art,1
/work/shelves/488124,philosophy,1
/work/shelves/488124,my-books,1
/work/shelves/488124,nonfiction,1
/work/shelves/488124,to-read-own,1
/work/shelves/488124,books-i-own,1
/work/shelves/488124,dr-mackey-office-books,1
/work/shelves/488124,rob-s-books,1
/work/shelves/488124,amazing-non-fiction,1
/work/shelves/488124,bunionectomy-recovery,1
/work/shelves/488124,a-fave,1
/work/shelves/488124,في-مكتبتي,1
/work/shelves/488124,sopranos,1
/work/shelves/488124,film-tv,1
/work/shelves/488121,travel,3
/work/shelves/488121,to-read,2
/work/shelves/488121,non-fiction,2
/work/shelves/488121,inlibrary,1
/work/shelves/295751,to-read,1086
/work/shelves/295751,poetry,293
/work/shelves/295751,currently-reading,133
/work/shelves/295751,own,55
/work/shelves/295751,classics,36
/work/shelves/295751,owned,31
/work/shelves/295751,books-i-own,22
/work/shelves/295751,favorites,22
/work/shelves/488131,to-read,43
/work/shelves/488131,poetry,4
/work/shelves/488131,literary-criticism,3
/work/shelves/295751,default,12
/work/shelves/295751,classic,12
/work/shelves/295751,my-library,9
/work/shelves/295751,reference,9
/work/shelves/295751,literature,9
/work/shelves/295751,poems,8
/work/shelves/295751,book-club,8
/work/shelves/295751,non-fiction,7
/work/shelves/295751,my-books,6
/work/shelves/295751,personal-library,6
/work/shelves/295751,anthology,6
/work/shelves/295751,homeschool,5
/work/shelves/488131,criticism,2
/work/shelves/488131,ebooks_wanted,1
/work/shelves/488131,own,1
/work/shelves/488131,no-plans,1
/work/shelves/488131,saggistica,1
/work/shelves/488131,audio_wanted,1
/work/shelves/488131,soon-to-read,1
/work/shelves/488131,nonf,1
/work/shelves/488131,irod,1
/work/shelves/488131,literary-criticism-and-theory,1
/work/shelves/295751,library,5
/work/shelves/295751,owned-books,5
/work/shelves/295751,mine,4
/work/shelves/295751,own-it,4
/work/shelves/295751,home-library,4
/work/shelves/295751,i-own,4
/work/shelves/295751,hardcover,3
/work/shelves/295751,poetry-plays,3
/work/shelves/295751,american,3
/work/shelves/295751,nonfiction,3
/work/shelves/295751,my-bookshelf,2
/work/shelves/488131,mfa-preparation-list,1
/work/shelves/488131,wanted,1
/work/shelves/488131,enmibiblio,1
/work/shelves/488131,lit-crit,1
/work/shelves/488131,sublime-enchantment,1
/work/shelves/488131,nietzsche,1
/work/shelves/488131,freud,1
/work/shelves/488131,discern-explicate,1
/work/shelves/488131,nonfiction,1
/work/shelves/488131,wishlist,1
/work/shelves/488131,own-mild,1
/work/shelves/488131,litcrit,1
/work/shelves/488131,ebook,1
/work/shelves/295751,own-physical,2
/work/shelves/295751,anthologies,2
/work/shelves/295751,vintage,2
/work/shelves/295751,owned-print,2
/work/shelves/295751,nook-book,2
/work/shelves/295751,misc,2
/work/shelves/295751,my-shelf,2
/work/shelves/295751,physical-tbr,2
/work/shelves/295751,purchased,2
/work/shelves/295751,unfinished,2
/work/shelves/295751,c,2
/work/shelves/488131,brainstuff,1
/work/shelves/488131,let-lit,1
/work/shelves/488131,enespñ,1
/work/shelves/488131,enbiblio,1
/work/shelves/488131,otros,1
/work/shelves/488131,revisionism,1
/work/shelves/488131,repression,1
/work/shelves/488131,currently-reading,1
/work/shelves/488131,western-canon,1
/work/shelves/488131,default,1
/work/shelves/488131,poetry-and-poetry-criticism,1
/work/shelves/488131,literary-theory,1
/work/shelves/295751,shelfari-favorites,2
/work/shelves/295751,nook,2
/work/shelves/295751,paperback,2
/work/shelves/295751,to-buy,2
/work/shelves/295751,tjed,2
/work/shelves/295751,poetry-and-prose,2
/work/shelves/295751,fiction,2
/work/shelves/295751,owned-not-read,2
/work/shelves/295751,high-school,2
/work/shelves/295751,unread,2
/work/shelves/295751,british,2
/work/shelves/295751,physical-library,1
/work/shelves/295751,read-aloud,1
/work/shelves/295751,always-going,1
/work/shelves/295751,i-own-in-print,1
/work/shelves/295751,fiction-poetry,1
/work/shelves/295751,on-shelf,1
/work/shelves/295751,want-to-buy,1
/work/shelves/295751,my-reads,1
/work/shelves/295751,jan-feb-reading-list,1
/work/shelves/295751,classics-i-own,1
/work/shelves/295751,poetic-muse,1
/work/shelves/295751,current-collection,1
/work/shelves/295751,own-copy,1
/work/shelves/295751,tr-poetry,1
/work/shelves/295751,read-before-goodreads,1
/work/shelves/295751,exploring-poetry,1
/work/shelves/295751,to-read-fiction,1
/work/shelves/295751,to-be-read,1
/work/shelves/295751,holding,1
/work/shelves/295751,poetry-and-music,1
/work/shelves/295751,kids,1
/work/shelves/295751,christian-next,1
/work/shelves/295751,books-we-own,1
/work/shelves/295751,want-to-have,1
/work/shelves/295751,ca,1
/work/shelves/295751,classic-literature-authors,1
/work/shelves/295751,own-tbr,1
/work/shelves/295751,like-to-read-again,1
/work/shelves/295751,boozybookclub,1
/work/shelves/295751,to-read-i-own,1
/work/shelves/295751,reference-books,1
/work/shelves/295751,short-ones,1
/work/shelves/295751,changed-my-life,1
/work/shelves/488135,to-read,17
/work/shelves/488135,history,2
/work/shelves/488135,history-want,1
/work/shelves/488135,non-fiction,1
/work/shelves/488135,cultural-studies,1
/work/shelves/488135,aa-history,1
/work/shelves/488135,own,1
/work/shelves/488132,non-fiction,2
/work/shelves/488132,to-read,2
/work/shelves/488132,litcrit,1
/work/shelves/488132,poetry,1
/work/shelves/488132,ebooks,1
/work/shelves/31010,to-read,234369
/work/shelves/31010,currently-reading,44883
/work/shelves/31010,philosophy,7899
/work/shelves/31010,non-fiction,2409
/work/shelves/31010,classics,2322
/work/shelves/31010,favorites,1819
/work/shelves/31010,nonfiction,896
/work/shelves/31010,history,775
/work/shelves/31010,owned,646
/work/shelves/31010,stoicism,603
/work/shelves/31010,own,502
/work/shelves/31010,self-help,423
/work/shelves/31010,kindle,292
/work/shelves/31010,classic,291
/work/shelves/31010,self-improvement,279
/work/shelves/31010,books-i-own,250
/work/shelves/31010,psychology,240
/work/shelves/31010,personal-development,227
/work/shelves/31010,spirituality,217
/work/shelves/31010,to-buy,183
/work/shelves/31010,leadership,154
/work/shelves/31010,favourites,143
/work/shelves/31010,owned-books,141
/work/shelves/31010,audiobook,140
/work/shelves/31010,library,137
/work/shelves/31010,abandoned,136
/work/shelves/31010,wishlist,134
/work/shelves/31010,literature,129
/work/shelves/31010,spiritual,118
/work/shelves/31010,ancient,118
/work/shelves/31010,filosofia,117
/work/shelves/31010,my-library,113
/work/shelves/31010,on-hold,113
/work/shelves/31010,biography,110
/work/shelves/31010,ebook,106
/work/shelves/31010,roman,106
/work/shelves/31010,politics,99
/work/shelves/31010,my-books,98
/work/shelves/488148,to-read,81
/work/shelves/488148,currently-reading,44
/work/shelves/31010,self-development,97
/work/shelves/31010,rome,96
/work/shelves/31010,audiobooks,95
/work/shelves/31010,antiquity,95
/work/shelves/31010,default,93
/work/shelves/31010,must-read,93
/work/shelves/31010,audible,90
/work/shelves/31010,essays,88
/work/shelves/31010,unfinished,88
/work/shelves/31010,life,87
/work/shelves/31010,ancient-rome,87
/work/shelves/31010,bookshelf,82
/work/shelves/31010,ethics,82
/work/shelves/31010,to-read-non-fiction,77
/work/shelves/31010,classical,70
/work/shelves/488148,commentaries,4
/work/shelves/488148,prayer,4
/work/shelves/488148,theology,4
/work/shelves/488148,logos,3
/work/shelves/488148,own,3
/work/shelves/488148,owned,3
/work/shelves/488148,new-testament,2
/work/shelves/488148,calibre,2
/work/shelves/488148,christianity,2
/work/shelves/488148,default,2
/work/shelves/488148,new,2
/work/shelves/488148,to-give-away,1
/work/shelves/488148,religious-devotional,1
/work/shelves/488148,study,1
/work/shelves/488148,god,1
/work/shelves/488148,wordsearch,1
/work/shelves/488148,c-theo,1
/work/shelves/488148,christian-non-fiction,1
/work/shelves/488148,audible,1
/work/shelves/31010,re-read,70
/work/shelves/31010,filosofía,68
/work/shelves/31010,home-library,68
/work/shelves/31010,meditation,65
/work/shelves/31010,historical,65
/work/shelves/31010,business,64
/work/shelves/31010,ebooks,63
/work/shelves/31010,audio,59
/work/shelves/31010,did-not-finish,59
/work/shelves/31010,dnf,58
/work/shelves/31010,self,58
/work/shelves/31010,religion,57
/work/shelves/31010,philosophical,57
/work/shelves/31010,philosophy-religion,56
/work/shelves/31010,stoic,55
/work/shelves/31010,personal-growth,55
/work/shelves/31010,to-reread,53
/work/shelves/6848123,poetry,28
/work/shelves/6848123,to-read,18
/work/shelves/6848123,currently-reading,6
/work/shelves/6848123,books-i-own,6
/work/shelves/6848123,anthology,5
/work/shelves/6848123,my-library,4
/work/shelves/6848123,default,3
/work/shelves/6848123,own,3
/work/shelves/6848123,owned,2
/work/shelves/488148,kindle-content,1
/work/shelves/488148,christian,1
/work/shelves/488148,reference,1
/work/shelves/488148,biblical-studies,1
/work/shelves/488148,mom,1
/work/shelves/488148,unused,1
/work/shelves/488148,exegetical-theology,1
/work/shelves/488148,commentary,1
/work/shelves/488148,scripture,1
/work/shelves/488148,my-library,1
/work/shelves/488148,library-office,1
/work/shelves/488148,e-books,1
/work/shelves/488148,kindle-owned,1
/work/shelves/488148,sync-d,1
/work/shelves/488148,operationcommenta<br/>ry,1
/work/shelves/488148,ebooks,1
/work/shelves/488148,theological-library-digital,1
/work/shelves/488148,resource,1
/work/shelves/488148,paper,1
/work/shelves/488148,hires,1
/work/shelves/488148,worthy,1
/work/shelves/31010,recommended,53
/work/shelves/31010,memoir,51
/work/shelves/31010,philosophie,50
/work/shelves/31010,next,50
/work/shelves/31010,ancient-history,50
/work/shelves/31010,books,49
/work/shelves/31010,wisdom,49
/work/shelves/31010,translated,48
/work/shelves/31010,classic-literature,47
/work/shelves/31010,to-read-classics,47
/work/shelves/31010,paused,46
/work/shelves/31010,to-re-read,45
/work/shelves/31010,reference,45
/work/shelves/31010,philosphy,44
/work/shelves/31010,personal-library,43
/work/shelves/31010,priority,43
/work/shelves/31010,religion-philosophy,42
/work/shelves/31010,biographies,42
/work/shelves/31010,philo,42
/work/shelves/6848123,library,2
/work/shelves/6848123,my-bookshelf,1
/work/shelves/6848123,to-buy-poetry,1
/work/shelves/6848123,american-literature,1
/work/shelves/6848123,to-buy,1
/work/shelves/6848123,plum,1
/work/shelves/6848123,smdanler,1
/work/shelves/6848123,home-library,1
/work/shelves/6848123,want-to-read-own,1
/work/shelves/6848123,mark,1
/work/shelves/6848123,dnf-boredom-can-kill,1
/work/shelves/6848123,readdd,1
/work/shelves/6848123,my-own-library-books,1
/work/shelves/6848123,in-the-library,1
/work/shelves/6848123,on-my-bookself,1
/work/shelves/488148,christian-old,1
/work/shelves/488148,new-testament-commentary,1
/work/shelves/488148,biblical-characters,1
/work/shelves/488148,pink-a-w,1
/work/shelves/488148,paul,1
/work/shelves/488148,biblical-reference,1
/work/shelves/488148,bible-commentaries,1
/work/shelves/488148,to-read-someday,1
/work/shelves/488148,wish-list,1
/work/shelves/488148,bible-study,1
/work/shelves/488148,favorites,1
/work/shelves/488148,devotionals,1
/work/shelves/488148,christiantbr,1
/work/shelves/488148,knowinggod-faith-christianity,1
/work/shelves/488148,kindle,1
/work/shelves/31010,have,42
/work/shelves/31010,bought,42
/work/shelves/31010,ancient-literature,42
/work/shelves/6848123,added,1
/work/shelves/6848123,the-best-american-series,1
/work/shelves/6848123,contemporary,1
/work/shelves/6848123,american,1
/work/shelves/6848123,print,1
/work/shelves/6848123,poetry-and-poetics,1
/work/shelves/6848123,collection-poetry,1
/work/shelves/6848123,new-york,1
/work/shelves/6848123,zeitgeist,1
/work/shelves/6848123,liquid-measures-flow,1
/work/shelves/6848123,ellalib-old,1
/work/shelves/6848123,hardback-paperback,1
/work/shelves/6848123,nonfic,1
/work/shelves/6848123,signed,1
/work/shelves/6848123,autographed,1
/work/shelves/488148,print,1
/work/shelves/488148,must-reads,1
/work/shelves/488148,ebook,1
/work/shelves/488148,testament,1
/work/shelves/488148,biblical,1
/work/shelves/488148,reformed-faith,1
/work/shelves/488148,nt-studies,1
/work/shelves/488148,not-read,1
/work/shelves/488148,christian-theology,1
/work/shelves/488148,biblical-commentary,1
/work/shelves/6848123,to-file,1
/work/shelves/6848123,poetry-read,1
/work/shelves/6848123,women-writers,1
/work/shelves/6848123,poetry-and-poetry-criticism,1
/work/shelves/6848123,reference,1
/work/shelves/6848123,pine-bookcase,1
/work/shelves/6848123,mycollection,1
/work/shelves/6848123,fiction,1
/work/shelves/6848123,best-american,1
/work/shelves/6848123,anthologies,1
/work/shelves/6848123,to-buy-novels,-1
/work/shelves/6848123,physical-tbr,-1
/work/shelves/488146,to-read,23
/work/shelves/488146,theology,3
/work/shelves/488146,ccc,2
/work/shelves/488146,logos,2
/work/shelves/488146,new,2
/work/shelves/488146,my-library,1
/work/shelves/488146,hamartiology,1
/work/shelves/488146,anthropology,1
/work/shelves/488146,c-theo,1
/work/shelves/488146,immerse,1
/work/shelves/488146,c-life,1
/work/shelves/488146,systematic-theology,1
/work/shelves/488146,reference,1
/work/shelves/488146,marshall,1
/work/shelves/488146,jordan,1
/work/shelves/488146,dad,1
/work/shelves/488146,owned,1
/work/shelves/488146,somewhere-out-there,1
/work/shelves/488146,top-of-the-heap,1
/work/shelves/488146,pink-a-w,1
/work/shelves/488146,library-books,1
/work/shelves/488146,worthy,1
/work/shelves/488146,soteriology,1
/work/shelves/488146,bible-study,1
/work/shelves/488146,christianity,1
/work/shelves/488146,insightful-christianity,1
/work/shelves/488146,testament,1
/work/shelves/488146,biblical,1
/work/shelves/488146,doctrine,1
/work/shelves/488146,christian,-2
/work/shelves/488137,to-read,163
/work/shelves/488137,history,7
/work/shelves/488137,american-history,5
/work/shelves/488137,us-history,2
/work/shelves/488137,oxford-history-of-us,2
/work/shelves/488137,oxford-history-of-the-united-states,2
/work/shelves/488137,oxford-history-of-the-u-s,2
/work/shelves/488137,want-to-read-unowned,1
/work/shelves/488137,history-american,1
/work/shelves/488137,history-books,1
/work/shelves/488137,old-age,1
/work/shelves/488137,not-in-labrary,1
/work/shelves/488137,want-to-read-non-fiction,1
/work/shelves/488137,history-america,1
/work/shelves/488137,oxford-us,1
/work/shelves/488137,to-read-non-fiction,1
/work/shelves/488137,am-hist-general,1
/work/shelves/488137,to-read-this-year,1
/work/shelves/488137,gilded-age,1
/work/shelves/488137,for-purchase,1
/work/shelves/488137,twentieth-century,1
/work/shelves/488137,peter-s-shelf,1
/work/shelves/488137,u-s-history,1
/work/shelves/488137,need-to-get-to-read,1
/work/shelves/488137,history-politics,1
/work/shelves/488151,to-read,146
/work/shelves/488151,currently-reading,42
/work/shelves/488151,religion,11
/work/shelves/488151,baha-i,11
/work/shelves/488151,favorites,8
/work/shelves/488151,bahai,8
/work/shelves/488151,bahá-í,5
/work/shelves/488151,spiritual,4
/work/shelves/488151,non-fiction,4
/work/shelves/488151,religious,3
/work/shelves/488151,spirituality,3
/work/shelves/488151,sacred-texts,3
/work/shelves/488151,own,3
/work/shelves/488151,owned,2
/work/shelves/488151,theology-bahá-í-writings,1
/work/shelves/488151,audio-book,1
/work/shelves/488151,books-i-own,1
/work/shelves/488151,west-asian-lit,1
/work/shelves/488151,religious-studies,1
/work/shelves/488151,bahá-í-scripture,1
/work/shelves/488151,to-search-about,1
/work/shelves/488151,truth-vs-falsehood-references,1
/work/shelves/488151,religious-texts,1
/work/shelves/488151,next,1
/work/shelves/488151,faiths,1
/work/shelves/488151,want-to-read-to-learn,1
/work/shelves/488151,personal-development,1
/work/shelves/488151,comparative-religion,1
/work/shelves/488151,have-ebook-to-read,1
/work/shelves/488151,highly-rated,1
/work/shelves/488151,bahá-í-writings,1
/work/shelves/488151,want-to-buy,1
/work/shelves/488151,spirit_faith,1
/work/shelves/488151,religious-works-and-scripture,1
/work/shelves/488151,to-buy,1
/work/shelves/488151,religion-spirituality,1
/work/shelves/488151,faith,1
/work/shelves/488151,religion-baháí-faith,1
/work/shelves/488151,religious-books,1
/work/shelves/488151,references,1
/work/shelves/488151,baha-i-books,1
/work/shelves/488151,ongoingstudyofthi<br/>sbook,1
/work/shelves/488151,finished-reading,1
/work/shelves/488151,author-male,1
/work/shelves/488151,religion-philosophy,1
/work/shelves/488151,metaphysics,1
/work/shelves/488151,holy_shit,1
/work/shelves/488151,bahaullah,1
/work/shelves/488151,reviewed-books,1
/work/shelves/488151,rated-books,1
/work/shelves/488151,it-wikipedia,1
/work/shelves/488151,for-the-spirit,1
/work/shelves/488151,ownthis,1
/work/shelves/488151,philosophy,1
/work/shelves/488151,serious,1
/work/shelves/488151,bahai-faith,1
/work/shelves/488151,bahai-sacred-writings,1
/work/shelves/488151,desert-island-books,1
/work/shelves/488151,bahai-scriptural,1
/work/shelves/488151,scripture,1
/work/shelves/488151,best-of-the-best,1
/work/shelves/488144,to-read,102
/work/shelves/488144,currently-reading,68
/work/shelves/488144,old-testament,8
/work/shelves/488144,commentaries,6
/work/shelves/488144,christian,5
/work/shelves/488144,own,5
/work/shelves/488144,commentary,5
/work/shelves/488144,exodus,4
/work/shelves/488144,theology,4
/work/shelves/488144,owned,3
/work/shelves/488144,old-testament-commentary,3
/work/shelves/488144,logos,3
/work/shelves/488144,biblical-studies,3
/work/shelves/488144,bible-commentary,3
/work/shelves/488144,wordsearch,2
/work/shelves/488144,comm,2
/work/shelves/488144,my-library,2
/work/shelves/488144,faith,2
/work/shelves/488144,pink-a-w,2
/work/shelves/488144,christian-books,2
/work/shelves/488144,christian-life,2
/work/shelves/488144,religious,2
/work/shelves/488144,biblical-commentary,2
/work/shelves/488144,digital,1
/work/shelves/488144,biblical-theology,1
/work/shelves/488144,hard-copies,1
/work/shelves/488144,ot,1
/work/shelves/488144,religion,1
/work/shelves/488144,kindle-owned-to-read,1
/work/shelves/488144,kindle-owned,1
/work/shelves/488144,referencing,1
/work/shelves/488144,yanjing,1
/work/shelves/488144,ihs-biblical-theology,1
/work/shelves/488144,god,1
/work/shelves/488144,unused,1
/work/shelves/488144,exegetical-theology,1
/work/shelves/488144,reference,1
/work/shelves/488144,purchased-to-read,1
/work/shelves/488144,personal-library,1
/work/shelves/488144,not-read,1
/work/shelves/488144,library-office,1
/work/shelves/488144,kindle-other,1
/work/shelves/488144,dead-theologians,1
/work/shelves/488144,default,1
/work/shelves/488144,study-helps,1
/work/shelves/488144,operationcommenta<br/>ry,1
/work/shelves/488144,own-not-read,1
/work/shelves/488144,john-s-office,1
/work/shelves/488144,ebooks,1
/work/shelves/488144,church-physical-library,1
/work/shelves/488144,collection,1
/work/shelves/488144,resource,1
/work/shelves/488144,new,1
/work/shelves/488144,theological-studies,1
/work/shelves/488144,pentateuch,1
/work/shelves/488144,a-w-pink,1
/work/shelves/488144,worthy,1
/work/shelves/488144,calibre,1
/work/shelves/488144,ref-com-con-dict,1
/work/shelves/488144,bible-commentaries,1
/work/shelves/488144,books-to-consider,1
/work/shelves/488144,moses-project,1
/work/shelves/488144,bible-study,1
/work/shelves/488144,hardback,1
/work/shelves/488144,christianity,1
/work/shelves/488144,christiantbr,1
/work/shelves/488144,knowinggod-faith-christianity,1
/work/shelves/488144,never-finished,1
/work/shelves/488144,studies,1
/work/shelves/488144,favorites,1
/work/shelves/488144,non-fiction,1
/work/shelves/488144,my-ebooks,1
/work/shelves/488144,devotional,1
/work/shelves/488144,commentary-expositions,1
/work/shelves/488144,ot-studies,1
/work/shelves/488144,on-my-shelf,1
/work/shelves/488144,christian-theology,1
/work/shelves/488144,comm-ref,-1
/work/shelves/14081,to-read,8048
/work/shelves/14081,fiction,307
/work/shelves/14081,pulitzer,211
/work/shelves/14081,currently-reading,157
/work/shelves/14081,pulitzer-prize,117
/work/shelves/14081,pulitzer-prize-winners,68
/work/shelves/14081,pulitzer-winners,60
/work/shelves/14081,pulitzer-fiction,60
/work/shelves/14081,pulitzers,57
/work/shelves/14081,music,53
/work/shelves/14081,own,46
/work/shelves/14081,historical-fiction,43
/work/shelves/14081,cuba,42
/work/shelves/14081,pulitzer-prize-fiction,39
/work/shelves/14081,favorites,36
/work/shelves/14081,owned,29
/work/shelves/14081,literature,27
/work/shelves/14081,novels,25
/work/shelves/14081,pulitzer-prize-for-fiction,23
/work/shelves/14081,literary-fiction,22
/work/shelves/14081,books-i-own,19
/work/shelves/14081,new-york,18
/work/shelves/14081,pulitzer-prize-winner,16
/work/shelves/14081,book-club,15
/work/shelves/14081,latin-america,15
/work/shelves/14081,american,14
/work/shelves/14081,novel,12
/work/shelves/14081,pulitzer-fiction-winners,11
/work/shelves/14081,kindle,10
/work/shelves/14081,owned-books,10
/work/shelves/14081,wishlist,10
/work/shelves/14081,library,10
/work/shelves/14081,didn-t-finish,10
/work/shelves/14081,pulitzer-winner,10
/work/shelves/14081,did-not-finish,9
/work/shelves/14081,american-literature,9
/work/shelves/14081,general-fiction,9
/work/shelves/14081,to-buy,9
/work/shelves/14081,contemporary-fiction,9
/work/shelves/14081,latin-american,9
/work/shelves/14081,caribbean,9
/work/shelves/14081,latinx,8
/work/shelves/14081,adult-fiction,8
/work/shelves/14081,literary,8
/work/shelves/14081,nyc,8
/work/shelves/14081,cuban,8
/work/shelves/14081,prize-winners,8
/work/shelves/14081,new-york-city,8
/work/shelves/14081,dnf,7
/work/shelves/14081,adult,7
/work/shelves/14081,default,7
/work/shelves/14081,my-library,7
/work/shelves/14081,american-fiction,7
/work/shelves/14081,classics,7
/work/shelves/14081,award-winners,7
/work/shelves/14081,award-winner,7
/work/shelves/14081,latino,7
/work/shelves/14081,romance,6
/work/shelves/14081,maybe,6
/work/shelves/14081,awards,6
/work/shelves/14081,tbr,6
/work/shelves/14081,modern-fiction,6
/work/shelves/14081,award-winning,6
/work/shelves/14081,to-read-fiction,6
/work/shelves/14081,pulitzer-project,6
/work/shelves/14081,book-group,6
/work/shelves/14081,wish-list,6
/work/shelves/14081,contemporary,6
/work/shelves/14081,my-books,5
/work/shelves/14081,fiction-general,5
/work/shelves/14081,fiction-literature,5
/work/shelves/14081,historical,5
/work/shelves/14081,pulitzers-to-read,5
/work/shelves/14081,pulitzer-to-read,5
/work/shelves/14081,gave-up-on,5
/work/shelves/14081,american-lit,5
/work/shelves/14081,immigrants,5
/work/shelves/14081,pulitzer-prize-for-fiction-winners,4
/work/shelves/14081,bookshelf,4
/work/shelves/14081,e-book,4
/work/shelves/14081,my-bookshelf,4
/work/shelves/14081,fiction-literary,4
/work/shelves/14081,couldn-t-finish,4
/work/shelves/14081,usa,4
/work/shelves/14081,contemporary-lit,4
/work/shelves/14081,latino-a,4
/work/shelves/14081,home-library,4
/work/shelves/14081,pulitzer-winners-fiction,4
/work/shelves/14081,unfinished,4
/work/shelves/14081,bookclub,4
/work/shelves/14081,latin-american-lit,4
/work/shelves/14081,owned-not-read,4
/work/shelves/488160,to-read,8
/work/shelves/488160,church-history,2
/work/shelves/488160,default,2
/work/shelves/488160,zzz-to-buy,1
/work/shelves/488160,zzz-seminary-suggested-reading,1
/work/shelves/488160,church-history-to-read,1
/work/shelves/488160,history,1
/work/shelves/488160,witches-gods-other-imaginaries,1
/work/shelves/912021,to-read,39
/work/shelves/912021,non-fiction,6
/work/shelves/912021,vampires,5
/work/shelves/912021,currently-reading,4
/work/shelves/912021,nonfiction,3
/work/shelves/912021,owned,3
/work/shelves/912021,own,2
/work/shelves/912021,psychology,2
/work/shelves/912021,my-books,2
/work/shelves/912021,cataloged,2
/work/shelves/912021,nf-psychology,1
/work/shelves/912021,horror,1
/work/shelves/912021,i-own-it,1
/work/shelves/912021,wtr-o-c-nf,1
/work/shelves/912021,horror-academia,1
/work/shelves/912021,to-go-thru-d,1
/work/shelves/912021,to-go-thru,1
/work/shelves/912021,a-title,1
/work/shelves/912021,research-gothic-subculture,1
/work/shelves/912021,spirits-paranormal-supernatural,1
/work/shelves/912021,toreadnonfiction,1
/work/shelves/912021,owned-books,1
/work/shelves/912021,health-psychology,1
/work/shelves/912021,spookystuff,1
/work/shelves/912021,sociology,1
/work/shelves/912021,history-politics,1
/work/shelves/912021,folklore,1
/work/shelves/912021,film,1
/work/shelves/912021,entertainment-media-popular-culture,1
/work/shelves/912021,death,1
/work/shelves/912021,misc-non-fiction,1
/work/shelves/912021,philosophy-religion-occult,1
/work/shelves/912021,cultural-studies,1
/work/shelves/912021,inventory,1
/work/shelves/912021,default,1
/work/shelves/912021,vampires-dracula,1
/work/shelves/912021,vampire,1
/work/shelves/912021,folklore-mythology-fairy-tales,1
/work/shelves/912021,tbr-owned,1
/work/shelves/912021,academia,1
/work/shelves/912021,occult-witchcraft,1
/work/shelves/912021,nonfiction-misc,1
/work/shelves/912021,no-longer-interested,1
/work/shelves/912021,vampire-books,1
/work/shelves/912021,bookcrossed-or-otherwise-set-free,1
/work/shelves/912021,to-go-thru-a,-1
/work/shelves/912021,a-title-to-go-thru,-1
/work/shelves/912021,fiction-a,-1
/work/shelves/1073374,to-read,849
/work/shelves/1073374,non-fiction,31
/work/shelves/1073374,politics,30
/work/shelves/1073374,currently-reading,28
/work/shelves/1073374,essays,17
/work/shelves/1073374,nonfiction,13
/work/shelves/1073374,art,11
/work/shelves/1073374,sociology,10
/work/shelves/1073374,culture,8
/work/shelves/1073374,philosophy,7
/work/shelves/1073374,wishlist,6
/work/shelves/1073374,criticism,5
/work/shelves/1073374,history,5
/work/shelves/1073374,america,5
/work/shelves/1073374,own,4
/work/shelves/1073374,cultural-criticism,3
/work/shelves/1073374,americana,3
/work/shelves/1073374,wish-list,3
/work/shelves/1073374,book-lust,3
/work/shelves/1073374,saggistica,3
/work/shelves/1073374,essay,3
/work/shelves/1073374,default,2
/work/shelves/1073374,society,2
/work/shelves/1073374,political,2
/work/shelves/1073374,abandoned,2
/work/shelves/1073374,favorites,2
/work/shelves/1073374,education,2
/work/shelves/1073374,other,2
/work/shelves/1073374,theory,2
/work/shelves/1073374,polemic,2
/work/shelves/1073374,australian-authors,2
/work/shelves/1073374,my-books,2
/work/shelves/1073374,owned,2
/work/shelves/1073374,ideology,2
/work/shelves/1073374,nancy-pearl-s-book-lust,2
/work/shelves/1073374,books-i-own,2
/work/shelves/1073374,a-conseguir,1
/work/shelves/1073374,adelphi,1
/work/shelves/1073374,eno,1
/work/shelves/1073374,nonfiction-american-studies-read,1
/work/shelves/1073374,books,1
/work/shelves/1073374,identity-politics,1
/work/shelves/1073374,political-commentary,1
/work/shelves/1073374,sociology-and-anthropology,1
/work/shelves/1073374,journalism-reportages-and-enquetes,1
/work/shelves/1073374,z-reading-list-artgarfunkel,1
/work/shelves/1073374,politics-read,1
/work/shelves/1073374,in-libreria,1
/work/shelves/1073374,behavioral-sciences-and-economics,1
/work/shelves/1073374,_own-a-copy,1
/work/shelves/1073374,nf-sociology,1
/work/shelves/1073374,in-my-library,1
/work/shelves/1073374,the-adelphi-project,1
/work/shelves/1073374,cultura-informazione,1
/work/shelves/1073374,libri-italiani-che-ho-da-leggere,1
/work/shelves/1073374,to-buy-or-borrow,1
/work/shelves/1073374,ensayos-biografias,1
/work/shelves/1073374,random,1
/work/shelves/1073374,cultural,1
/work/shelves/1073374,educational,1
/work/shelves/1073374,marketing,1
/work/shelves/1073374,esoterismo,1
/work/shelves/1073374,not-on-my-bookshelf,1
/work/shelves/1073374,general-non-fiction,1
/work/shelves/1073374,nonfic-misc,1
/work/shelves/1073374,read-next,1
/work/shelves/1073374,ψ,1
/work/shelves/1073374,zz-home-library,1
/work/shelves/1073374,social-cultural,1
/work/shelves/1073374,saggisticaeteroge<br/>nea,1
/work/shelves/1073374,saggi-bio-reportage,1
/work/shelves/1073374,recommended-hitchens-christopher,1
/work/shelves/1073374,r-nonfiction,1
/work/shelves/1073374,r-independently,1
/work/shelves/1073374,r-for-class,1
/work/shelves/1073374,politics-usa-decline,1
/work/shelves/1073374,politics-usa,1
/work/shelves/1073374,politics-political-science,1
/work/shelves/1073374,policy-and-politics,1
/work/shelves/1073374,own-it,1
/work/shelves/1073374,old-dark-dangers,1
/work/shelves/1073374,in-english,1
/work/shelves/1073374,general-nonfiction,1
/work/shelves/1073374,fiction,1
/work/shelves/1073374,essay-critique-short-form-or-memoir,1
/work/shelves/1073374,cul-poli-phil-art,1
/work/shelves/1073374,australians,1
/work/shelves/1073374,american-history,1
/work/shelves/1073374,__in-my-collection,1
/work/shelves/488174,to-read,13
/work/shelves/488174,art,4
/work/shelves/488174,collection,2
/work/shelves/488174,studieboeken,1
/work/shelves/488174,books-i-have-and-want-to-read,1
/work/shelves/488174,library,1
/work/shelves/488174,default,1
/work/shelves/3230298,to-read,203
/work/shelves/488174,pdf-looking-for,1
/work/shelves/488174,house-and-garden,1
/work/shelves/488174,nf,1
/work/shelves/488174,cpl,1
/work/shelves/3230298,horror,17
/work/shelves/3230298,vampires,13
/work/shelves/3230298,own,12
/work/shelves/3230298,owned,7
/work/shelves/3230298,currently-reading,7
/work/shelves/3230298,anthologies,5
/work/shelves/3230298,books-i-own,5
/work/shelves/3230298,vampire,5
/work/shelves/3230298,fiction,3
/work/shelves/3230298,anthology,3
/work/shelves/3230298,short-stories,3
/work/shelves/3230298,my-books,2
/work/shelves/3230298,owned-books,2
/work/shelves/1758475,to-read,62
/work/shelves/1758475,biography,4
/work/shelves/1758475,currently-reading,4
/work/shelves/1758475,library,3
/work/shelves/1758475,doorbell-s-library,2
/work/shelves/1758475,owned,2
/work/shelves/3230298,supernatural,2
/work/shelves/3230298,tbr-owned,2
/work/shelves/3230298,books-i-have,2
/work/shelves/3230298,own-it,2
/work/shelves/3230298,fantasy,2
/work/shelves/3230298,south,2
/work/shelves/3230298,collection,2
/work/shelves/3230298,sci-fi-fantasy,2
/work/shelves/3230298,nola,1
/work/shelves/3230298,noveller,1
/work/shelves/1758475,moja-historia-pamiotkowa-pobularna,2
/work/shelves/1758475,moja-historia-pamiotkowa,2
/work/shelves/1758475,history,2
/work/shelves/1758475,autobiography,2
/work/shelves/1758475,nonfiction,2
/work/shelves/1758475,adult-nonfiction,2
/work/shelves/1758475,inventory,1
/work/shelves/1758475,biography-tbr,1
/work/shelves/1758475,a-loc-family-room-r-bs,1
/work/shelves/1758475,openlibrary-org,1
/work/shelves/1758475,political-biographies,1
/work/shelves/1758475,american-politics,1
/work/shelves/1758475,tsundoku,1
/work/shelves/3230298,engelska,1
/work/shelves/3230298,adult-fiction,1
/work/shelves/3230298,book-list,1
/work/shelves/3230298,catégorie_vampire<br/>s,1
/work/shelves/3230298,un-hauled-book,1
/work/shelves/3230298,general-lit,1
/work/shelves/3230298,i-own-these,1
/work/shelves/3230298,parlour-shelves,1
/work/shelves/3230298,gothic,1
/work/shelves/3230298,to-read-have,1
/work/shelves/3230298,paranormal-vampires,1
/work/shelves/3230298,books-i-bought,1
/work/shelves/3230298,bought,1
/work/shelves/3230298,vampirism,1
/work/shelves/3230298,divers-hands,1
/work/shelves/3230298,vampiries,1
/work/shelves/3230298,urban-fantasy,1
/work/shelves/3230298,to-read-maybe,1
/work/shelves/1758475,african-american,1
/work/shelves/1758475,non-ficiton,1
/work/shelves/1758475,booksfree,1
/work/shelves/1758475,mid-read,1
/work/shelves/1758475,politics,1
/work/shelves/1758475,own,1
/work/shelves/1758475,educational,1
/work/shelves/1758475,presidential-studies,1
/work/shelves/1758475,bconr,1
/work/shelves/1758475,obama,1
/work/shelves/1758475,books-i-want-to-own,1
/work/shelves/1758475,zaidan-scollection,1
/work/shelves/1758475,non-fiction,1
/work/shelves/1758475,liveletters,1
/work/shelves/1758475,bookshelf,1
/work/shelves/3230298,short-stories-other-collections,1
/work/shelves/3230298,on-my-book-shelves,1
/work/shelves/3230298,old-wishlist,1
/work/shelves/3230298,non-fiction,1
/work/shelves/3230298,gothic-horror,1
/work/shelves/3230298,fiction-horror,1
/work/shelves/3230298,dead-alive,1
/work/shelves/3230298,physically-owned-books-tbr,1
/work/shelves/3230298,physically-owned-books,1
/work/shelves/3230298,actual-book,1
/work/shelves/3230298,inventory-list,1
/work/shelves/3230298,donated-or-sold,1
/work/shelves/3230298,paperback-hardback-own,1
/work/shelves/3230298,paperback-hardback,1
/work/shelves/3230298,own-havent-read,1
/work/shelves/3230298,short-stories-novellas,1
/work/shelves/3230298,my-bookshelf,1
/work/shelves/1758475,biography-memoir,1
/work/shelves/1758475,young-adult-nonfiction,1
/work/shelves/1758475,books-i-produced,1
/work/shelves/1758475,archive-openlibrary-org,-1
/work/shelves/1758475,default,-1
/work/shelves/3230298,ben-s-book-collection,1
/work/shelves/3230298,not-impressed,1
/work/shelves/3230298,home-library-to-be-sorted,1
/work/shelves/3230298,american-vampire,1
/work/shelves/3230298,tbr-own-it,1
/work/shelves/3230298,save-for-october,1
/work/shelves/3230298,vampire-to-read,1
/work/shelves/3230298,southern-fiction,1
/work/shelves/3230298,own-unread,1
/work/shelves/3230298,all-books,1
/work/shelves/3230298,books-i-want-to-read,1
/work/shelves/3230298,to-read-owned,1
/work/shelves/3230298,southern-gothic,1
/work/shelves/3230298,already-owned,1
/work/shelves/3230298,default,1
/work/shelves/3230298,not-read-yet,1
/work/shelves/3230298,have,1
/work/shelves/3230298,f-hardcover,1
/work/shelves/3230298,hardcover-softcover,1
/work/shelves/3230298,jiooldey-glen,1
/work/shelves/3230298,tbr-pile-shelf,1
/work/shelves/3230298,have-at-home,1
/work/shelves/3230298,own-and-need-to-read,1
/work/shelves/3230298,king-b,1
/work/shelves/3230298,books-i-do-not-recommend,1
/work/shelves/3230298,books-i-couldn-t-finish,1
/work/shelves/3230298,paranormal-fiction-to-read,1
/work/shelves/3230298,shorties,1
/work/shelves/3230298,hard-cover,1
/work/shelves/3230298,new-orleans,1
/work/shelves/3230298,i-ownz-dat,1
/work/shelves/488169,to-read,97
/work/shelves/488169,own,7
/work/shelves/488169,fiction,4
/work/shelves/488169,default,3
/work/shelves/488169,short-stories,3
/work/shelves/488169,horror,3
/work/shelves/488169,currently-reading,3
/work/shelves/488169,vampire,3
/work/shelves/488169,vampires,3
/work/shelves/488169,s-author,2
/work/shelves/488169,not-interested,2
/work/shelves/488169,anthologies,2
/work/shelves/488169,paranormal,2
/work/shelves/488169,in-the-stacks,1
/work/shelves/488169,f-paranormal,1
/work/shelves/488169,local-flavor,1
/work/shelves/488169,tgt,1
/work/shelves/488169,interesting,1
/work/shelves/488169,books-i-have,1
/work/shelves/488169,noveller,1
/work/shelves/488169,engelska,1
/work/shelves/488169,catégorie_vampire<br/>s,1
/work/shelves/488169,to-go-thru-d,1
/work/shelves/488169,b-title,1
/work/shelves/488169,maybe,1
/work/shelves/488169,vampirism,1
/work/shelves/488169,novel-ty,1
/work/shelves/488169,ghost-gothic-horror,1
/work/shelves/488169,fantasy-sci-fi-horror,1
/work/shelves/488169,collection-of-stories,1
/work/shelves/488169,part-of-a-series,1
/work/shelves/488169,my-fantastique-fiction,1
/work/shelves/488169,nik-s-bookshelves,1
/work/shelves/488169,american-vampire,1
/work/shelves/488169,automata,1
/work/shelves/488169,save-for-october,1
/work/shelves/488169,horror-fiction,1
/work/shelves/488169,horror-anthologies,1
/work/shelves/488169,halloween,1
/work/shelves/488169,americana,1
/work/shelves/488169,owned,1
/work/shelves/488169,books-i-want-to-read,1
/work/shelves/488169,fantasy-sci-fi,1
/work/shelves/488169,interesting-classic,1
/work/shelves/488169,mystery-suspense,1
/work/shelves/488169,supernatural,1
/work/shelves/488169,science-fiction,1
/work/shelves/488169,monsters,1
/work/shelves/488169,jiooldey-glen,1
/work/shelves/488169,own-it,1
/work/shelves/488169,tbr-shelf,1
/work/shelves/488169,king-b,1
/work/shelves/488169,paranormal-fiction-to-read,1
/work/shelves/488169,kristine-kathryn-rusch,1
/work/shelves/488169,dnf,1
/work/shelves/488169,dark,1
/work/shelves/488169,books-that-made-me-go-wtf,1
/work/shelves/488169,short-fiction,1
/work/shelves/488169,wishlist,1
/work/shelves/488169,want,1
/work/shelves/488169,non-fiction,1
/work/shelves/488169,fantasy,1
/work/shelves/488169,a-paranormal,-1
/work/shelves/488169,wtr-b,-1
/work/shelves/488169,språk-engelska,-1
/work/shelves/488169,b-title-to-go-thru,-1
/work/shelves/488169,fiction-a,-1
/work/shelves/2816405,to-read,32
/work/shelves/2816405,linguistics,4
/work/shelves/2816405,it-wikipedia,2
/work/shelves/2816405,language,2
/work/shelves/2816405,to-read-linguistics,1
/work/shelves/2816405,english,1
/work/shelves/2816405,personal-library,1
/work/shelves/2816405,digital,1
/work/shelves/2816405,currently-reading,1
/work/shelves/2816405,american-indian,1
/work/shelves/2816405,sprk,1
/work/shelves/2816405,precontact-americas,1
/work/shelves/2816405,cecilla,1
/work/shelves/2816405,nativeamerica,1
/work/shelves/2816405,indigenous,1
/work/shelves/2816405,non-fiction,1
/work/shelves/2816405,thelia-lafollette-library,1
/work/shelves/2816405,language-linguistics,1
/work/shelves/2816405,academic,1
/work/shelves/2816405,library,1
/work/shelves/2816405,native-american,1
/work/shelves/2816405,anthropology,1
/work/shelves/2816405,must-read-soon,1
/work/shelves/488172,to-read,91
/work/shelves/488172,art,10
/work/shelves/488172,non-fiction,5
/work/shelves/488172,currently-reading,5
/work/shelves/488172,own,5
/work/shelves/488172,nonfiction,4
/work/shelves/488172,history,4
/work/shelves/488172,art-history,4
/work/shelves/488172,native-american,3
/work/shelves/488172,reference,3
/work/shelves/488172,anthropology,3
/work/shelves/488172,library,2
/work/shelves/488172,default,2
/work/shelves/488172,art-books,2
/work/shelves/488172,wishlist,2
/work/shelves/488172,textbooks,2
/work/shelves/488172,crafts,2
/work/shelves/488172,books-i-read-yonks-ago,1
/work/shelves/488172,academia,1
/work/shelves/488172,my-full-library,1
/work/shelves/488172,indigenous,1
/work/shelves/488172,art-music,1
/work/shelves/488172,prospects,1
/work/shelves/488172,native-books,1
/work/shelves/488172,my-personal-collection,1
/work/shelves/488172,my-books,1
/work/shelves/488172,art-related,1
/work/shelves/488172,art-culture,1
/work/shelves/488172,oxford-books-want,1
/work/shelves/488172,art-own,1
/work/shelves/488172,books-i-read-for-school,1
/work/shelves/488172,information,1
/work/shelves/488172,ndn,1
/work/shelves/488172,on-hand,1
/work/shelves/488172,vaca-home-library,1
/work/shelves/488172,ww-university-courses,1
/work/shelves/488172,to-be-shelved-digitally,1
/work/shelves/488172,physical-copies,1
/work/shelves/488172,native-american-culture,1
/work/shelves/488172,books-on-my-shelves,1
/work/shelves/488172,art-art-history-art,1
/work/shelves/488172,grossmont,1
/work/shelves/488172,academic,1
/work/shelves/488172,art-architecture-design,1
/work/shelves/488172,indigenous-art-journal-resources,1
/work/shelves/488172,can-library,1
/work/shelves/488172,museums,1
/work/shelves/488172,art-and-photography,1
/work/shelves/488172,owned-books,1
/work/shelves/488172,cultural,1
/work/shelves/488172,art-and-creativity,1
/work/shelves/488172,dissertation,1
/work/shelves/488172,native-studies-etc,1
/work/shelves/488172,carlos-museum-bookshop,1
/work/shelves/488172,totem-poles,1
/work/shelves/488172,native-american-history,1
/work/shelves/488172,material-culture,1
/work/shelves/488172,pre-columbian,1
/work/shelves/488172,native-american-literature-autumn,1
/work/shelves/488172,native-american-his-i,1
/work/shelves/488172,school-book,1
/work/shelves/488172,society,1
/work/shelves/488172,owned,1
/work/shelves/488172,nativeamerican,1
/work/shelves/488172,mynkind,1
/work/shelves/488172,essays,1
/work/shelves/488172,ecology-ecosystems,1
/work/shelves/488172,americanstudies,1
/work/shelves/488172,text-books,1
/work/shelves/488172,read-in-college,1
/work/shelves/488172,amazon-whishlist,1
/work/shelves/488172,school,1
/work/shelves/488172,native-american-studies,1
/work/shelves/173861,to-read,26
/work/shelves/173861,currently-reading,3
/work/shelves/173861,iran,2
/work/shelves/173861,middle-eastern-lit,1
/work/shelves/173861,_moyen-orient_persan_arabe_damas,1
/work/shelves/173861,tbr_global-research,1
/work/shelves/173861,شعر-ادبیات-هنر,1
/work/shelves/173861,middle-east,1
/work/shelves/173861,بخش-مورد-نیاز-رو-خوندم,1
/work/shelves/173861,nonfiction-new,1
/work/shelves/173861,farsi-to-read,1
/work/shelves/173861,persian-classics,1
/work/shelves/173861,history,1
/work/shelves/205121,to-read,70
/work/shelves/205121,design,12
/work/shelves/205121,currently-reading,9
/work/shelves/205121,art,7
/work/shelves/205121,books-i-own,2
/work/shelves/205121,uni-books,2
/work/shelves/205121,default,2
/work/shelves/205121,reference,2
/work/shelves/205121,history,2
/work/shelves/205121,nonfiction,2
/work/shelves/205121,non-fiction,1
/work/shelves/205121,art-and-architecture,1
/work/shelves/205121,study,1
/work/shelves/205121,own,1
/work/shelves/205121,design-thinking,1
/work/shelves/205121,design-hist,1
/work/shelves/205121,academic,1
/work/shelves/205121,design-course-imperial-college,1
/work/shelves/205121,ma,1
/work/shelves/205121,collection,1
/work/shelves/205121,art-of-design,1
/work/shelves/205121,История,1
/work/shelves/205121,Дизайн,1
/work/shelves/205121,ww-university-courses,1
/work/shelves/205121,id,1
/work/shelves/205121,design-industrial,1
/work/shelves/205121,library,1
/work/shelves/205121,prince-william-county-public-librar,1
/work/shelves/205121,design-history,1
/work/shelves/205121,scanned-books,1
/work/shelves/205121,design-related,1
/work/shelves/205121,to-buy,1
/work/shelves/205121,design-research,1
/work/shelves/205121,design-and-art,1
/work/shelves/205121,books-owned-hardcopy,1
/work/shelves/205121,nu-library-to-buy,1
/work/shelves/205121,fashion-and-art,1
/work/shelves/205121,read-in-school,1
/work/shelves/205121,art-history,1
/work/shelves/205121,course-literature,1
/work/shelves/205121,designandwork,1
/work/shelves/2085752,to-read,12
/work/shelves/2085752,history,2
/work/shelves/2085752,own,1
/work/shelves/2085752,sections,1
/work/shelves/2085752,erweckungsbewegun<br/>g,1
/work/shelves/2085752,history-us,1
/work/shelves/2085752,history-christianity,1
/work/shelves/2085752,history-canada,1
/work/shelves/2085752,religious-studies,1
/work/shelves/2085752,u-s-history,1
/work/shelves/2085752,reformed-history,1
/work/shelves/2085752,philosophy,1
/work/shelves/2085752,irish-history,1
/work/shelves/2085752,evangelicalism,1
/work/shelves/2085752,british-history,1
/work/shelves/2085752,history-library,1
/work/shelves/2085752,reference,1
/work/shelves/2085752,owned,1
/work/shelves/2085752,transatlantic-religious-field,1
/work/shelves/2085752,transatlantic-intellectual-field,1
/work/shelves/488193,to-read,35
/work/shelves/488193,currently-reading,8
/work/shelves/488193,default,2
/work/shelves/488193,non-fiction,2
/work/shelves/488193,owned,2
/work/shelves/488193,mushrooms,2
/work/shelves/488193,nature,2
/work/shelves/488193,terlingua-texas,1
/work/shelves/488193,textbooks,1
/work/shelves/488193,reference-books,1
/work/shelves/488193,nature-exploration,1
/work/shelves/488193,location-hardcopy,1
/work/shelves/488193,i-own,1
/work/shelves/488193,have,1
/work/shelves/488193,bedroom,1
/work/shelves/488193,educational,1
/work/shelves/488193,natural-history-field-guides,1
/work/shelves/488193,books-i-own,1
/work/shelves/488193,nonfiction,1
/work/shelves/488193,own,1
/work/shelves/488193,identification,1
/work/shelves/488193,mushroom-identification,1
/work/shelves/488193,field-guide,1
/work/shelves/488193,mycology,1
/work/shelves/48645768,to-read,11
/work/shelves/48645768,travel,2
/work/shelves/48645768,british-travel-history,1
/work/shelves/48645768,travel-world,1
/work/shelves/48645768,london,1
/work/shelves/48645768,physical-copy,1
/work/shelves/48645768,have-but-not-read,1
/work/shelves/48645768,sandy-s-office,1
/work/shelves/48645768,read-i-own-it,1
/work/shelves/48645768,default,1
/work/shelves/48645768,real-life,1
/work/shelves/48645768,british,1
/work/shelves/48645768,world-architectural-history,1
/work/shelves/48645768,library,1
/work/shelves/48645768,breakfast-room,1
/work/shelves/48645768,home-library,1
/work/shelves/48645768,sandy-s-craft-room,-1
/work/shelves/48645768,have-not-read,-1
/work/shelves/841225,to-read,301
/work/shelves/841225,currently-reading,45
/work/shelves/841225,historical-fiction,24
/work/shelves/841225,christian-fiction,23
/work/shelves/841225,christian,13
/work/shelves/841225,fiction,12
/work/shelves/841225,own,8
/work/shelves/841225,owned,7
/work/shelves/841225,books-i-own,7
/work/shelves/841225,michael-phillips,6
/work/shelves/488189,to-read,747
/work/shelves/841225,historical,5
/work/shelves/841225,series,5
/work/shelves/841225,inspirational,4
/work/shelves/841225,adult-fiction,3
/work/shelves/841225,christian-romance,3
/work/shelves/841225,wishlist,3
/work/shelves/841225,absent,2
/work/shelves/488189,history,49
/work/shelves/488189,non-fiction,41
/work/shelves/488189,currently-reading,32
/work/shelves/488189,vampires,24
/work/shelves/488189,nonfiction,17
/work/shelves/488189,folklore,15
/work/shelves/488189,anthropology,9
/work/shelves/488189,american-history,7
/work/shelves/841225,high-school,2
/work/shelves/841225,westerns,2
/work/shelves/841225,adult,2
/work/shelves/841225,on-my-bookshelf,2
/work/shelves/841225,personal-library,2
/work/shelves/488189,historical,6
/work/shelves/488189,horror,5
/work/shelves/488189,paranormal,4
/work/shelves/488189,new-england,4
/work/shelves/488189,vampire,4
/work/shelves/841225,default,2
/work/shelves/841225,western,2
/work/shelves/841225,childhood-reads,1
/work/shelves/841225,want-to-read-own,1
/work/shelves/841225,childhood-o-boi,1
/work/shelves/841225,to-listen,1
/work/shelves/841225,grandma-s-books,1
/work/shelves/488189,f-title,3
/work/shelves/488189,to-read-nonfiction,3
/work/shelves/488189,wishlist,3
/work/shelves/488189,mythology,3
/work/shelves/488189,science,3
/work/shelves/488189,non-fic,3
/work/shelves/841225,fun,1
/work/shelves/841225,summit-books,1
/work/shelves/841225,historical-books,1
/work/shelves/841225,mountain-loop,1
/work/shelves/841225,books-mom-has,1
/work/shelves/488189,abandoned,2
/work/shelves/488189,nonfiction-to-read,2
/work/shelves/488189,occult,2
/work/shelves/488189,vamp,2
/work/shelves/488189,non-fiction-misc,2
/work/shelves/488189,supernatural,2
/work/shelves/488189,to-read-non-fiction,2
/work/shelves/841225,bought,1
/work/shelves/841225,designed-by-me,1
/work/shelves/841225,gifted-to-me,1
/work/shelves/841225,adventure,1
/work/shelves/841225,to-sort,1
/work/shelves/841225,journals-of-corrie-belle-hollister,1
/work/shelves/841225,historical-want-to-read,1
/work/shelves/488189,books-i-own,2
/work/shelves/488189,spooky,2
/work/shelves/488189,non-fiction-to-read,2
/work/shelves/488189,united-states-history,2
/work/shelves/488189,culture,2
/work/shelves/488189,wish-list,2
/work/shelves/488189,professional-history,1
/work/shelves/841225,need-to-finish-a-series,1
/work/shelves/841225,loved-it,1
/work/shelves/841225,history,1
/work/shelves/841225,drama,1
/work/shelves/841225,books-at-kml,1
/work/shelves/841225,to-purchase,1
/work/shelves/488189,reading-journal,1
/work/shelves/488189,limbo,1
/work/shelves/488189,book-exchange,1
/work/shelves/488189,tbr-owned,1
/work/shelves/488189,vampire-novels,1
/work/shelves/488189,not-on-overdrive,1
/work/shelves/841225,phillips-m,1
/work/shelves/841225,owned-tbr,1
/work/shelves/841225,michael-phillips-books,1
/work/shelves/841225,my-books-not-read,1
/work/shelves/841225,mom-books-read,1
/work/shelves/841225,paperback,1
/work/shelves/841225,z-calibre,1
/work/shelves/488189,need-to-check-out-physical-copy,1
/work/shelves/488189,maybe-buy,1
/work/shelves/488189,thanatopsis,1
/work/shelves/488189,owned-books,1
/work/shelves/488189,male-author,1
/work/shelves/488189,rec-the-red-tree,1
/work/shelves/841225,religion-christianrdng-inspiration,1
/work/shelves/841225,phillips-michael,1
/work/shelves/841225,owned-books,1
/work/shelves/841225,fiction-prairie,1
/work/shelves/841225,christian-contemporary,1
/work/shelves/841225,author-phillips-pella,1
/work/shelves/488189,export,1
/work/shelves/488189,historical-setting,1
/work/shelves/488189,gothic-morbid-dark-witchy-spooky,1
/work/shelves/488189,acad-want-to-read,1
/work/shelves/488189,silverlight-nonfic,1
/work/shelves/488189,vampires-nonfiction,1
/work/shelves/841225,in-the-library,1
/work/shelves/841225,thought-provoking,1
/work/shelves/841225,poorly-written,1
/work/shelves/841225,have,1
/work/shelves/841225,sync-d,1
/work/shelves/841225,calibre,1
/work/shelves/841225,book-series-by-author,1
/work/shelves/841225,michael-r-phillips,1
/work/shelves/488189,books-on-my-bookshelves,1
/work/shelves/488189,nf-nthropology,1
/work/shelves/488189,tgt,1
/work/shelves/488189,read-re-read-for-work,1
/work/shelves/488189,wtr-nf-d-g,1
/work/shelves/488189,studies,1
/work/shelves/488189,tales-poems,1
/work/shelves/488189,to-check-out-history-and-biography,1
/work/shelves/841225,from-book-exchanges,1
/work/shelves/841225,books-i-own-physical-books-to-read,1
/work/shelves/841225,books-i-own-physical-books,1
/work/shelves/841225,on-the-shelf,1
/work/shelves/841225,did-not-finish,1
/work/shelves/841225,fiction-christian,1
/work/shelves/841225,owned-print-copy,1
/work/shelves/488189,subject-hist,1
/work/shelves/488189,myth-legend-folklore,1
/work/shelves/488189,reference,1
/work/shelves/488189,autumn-reads,1
/work/shelves/488189,paranormal-occult,1
/work/shelves/488189,lib-st,1
/work/shelves/488189,disease,1
/work/shelves/488189,tbr-nonfiction,1
/work/shelves/488189,non-fiction-paranormal-and-supernat,1
/work/shelves/841225,find,1
/work/shelves/841225,romance,1
/work/shelves/841225,inventory,1
/work/shelves/841225,favorites,1
/work/shelves/841225,series-books,1
/work/shelves/841225,bookshelves,1
/work/shelves/841225,reading-list,1
/work/shelves/841225,christian-author,1
/work/shelves/841225,to-borrow,1
/work/shelves/841225,books-in-my-library,1
/work/shelves/841225,not-liked-paperbackswap,1
/work/shelves/841225,on-my-personal-bookshelf,1
/work/shelves/841225,historical-series,1
/work/shelves/488189,history-supernatural,1
/work/shelves/488189,history-america,1
/work/shelves/488189,book-research,1
/work/shelves/488189,paranormal-non-fiction,1
/work/shelves/488189,author-b,1
/work/shelves/488189,folklore-fairy-tales,1
/work/shelves/488189,esoterica,1
/work/shelves/488189,tgt-d,1
/work/shelves/488189,horroor,1
/work/shelves/488189,books-i-want,1
/work/shelves/488189,to-go-thru-d,1
/work/shelves/488189,books-i-want-spooky,1
/work/shelves/488189,borrowed,1
/work/shelves/488189,vampire-academic-lit,1
/work/shelves/488189,tr-spn,1
/work/shelves/488189,b-author,1
/work/shelves/488189,supernatural-and-paranormal,1
/work/shelves/488189,archeology-and-history,1
/work/shelves/488189,disease-medical-related,1
/work/shelves/488189,paranormal-investigations,1
/work/shelves/488189,bookmans-az,1
/work/shelves/14003670,to-read,1008
/work/shelves/14003670,currently-reading,345
/work/shelves/14003670,history,55
/work/shelves/14003670,classics,24
/work/shelves/14003670,non-fiction,10
/work/shelves/14003670,owned,8
/work/shelves/14003670,history-ancient,6
/work/shelves/14003670,historical,5
/work/shelves/731609,to-read,911
/work/shelves/731609,young-adult,90
/work/shelves/731609,fiction,38
/work/shelves/14003670,ancient-history,5
/work/shelves/14003670,nonfiction,5
/work/shelves/14003670,greece,5
/work/shelves/14003670,a,4
/work/shelves/14003670,own,4
/work/shelves/14003670,greek,4
/work/shelves/14003670,kindle,4
/work/shelves/14003670,ancient,3
/work/shelves/14003670,owned-ebook,2
/work/shelves/14003670,philosophy,2
/work/shelves/14003670,iran,2
/work/shelves/14003670,unread,2
/work/shelves/731609,currently-reading,33
/work/shelves/731609,historical-fiction,32
/work/shelves/731609,ya,22
/work/shelves/731609,favorites,20
/work/shelves/731609,series,16
/work/shelves/731609,pakistan,14
/work/shelves/731609,middle-east,10
/work/shelves/731609,books-i-own,10
/work/shelves/731609,ya-fiction,10
/work/shelves/731609,own,9
/work/shelves/14003670,my-library,2
/work/shelves/14003670,ebooks-i-own,2
/work/shelves/14003670,did-not-finish,2
/work/shelves/14003670,greek-literature,2
/work/shelves/14003670,gutenberg,2
/work/shelves/14003670,librivox,2
/work/shelves/14003670,digital,2
/work/shelves/14003670,literature,2
/work/shelves/14003670,ebooks,2
/work/shelves/14003670,history-and-biography,2
/work/shelves/731609,teen,9
/work/shelves/731609,historical,7
/work/shelves/731609,middle-school,7
/work/shelves/731609,romance,7
/work/shelves/731609,young-adult-fiction,7
/work/shelves/731609,multicultural,7
/work/shelves/731609,childhood,6
/work/shelves/731609,family,6
/work/shelves/731609,realistic-fiction,6
/work/shelves/731609,islam,6
/work/shelves/731609,default,5
/work/shelves/731609,cultural,5
/work/shelves/731609,owned,5
/work/shelves/731609,children-s-books,5
/work/shelves/14003670,history-culture,2
/work/shelves/14003670,my-books,2
/work/shelves/14003670,academia,1
/work/shelves/14003670,greek-and-co,1
/work/shelves/14003670,interrupted,1
/work/shelves/14003670,st-johns-college,1
/work/shelves/14003670,pleasure,1
/work/shelves/14003670,boookso,1
/work/shelves/14003670,the-classics,1
/work/shelves/14003670,research-time,1
/work/shelves/14003670,owned-but-not-yet-read,1
/work/shelves/14003670,z-reading-list-artgarfunkel,1
/work/shelves/731609,arranged-marriage,4
/work/shelves/731609,coming-of-age,4
/work/shelves/731609,library,4
/work/shelves/731609,international,4
/work/shelves/731609,high-school,4
/work/shelves/731609,children-young-adult,3
/work/shelves/731609,re-read,3
/work/shelves/731609,religion,3
/work/shelves/731609,general-fiction,3
/work/shelves/731609,contemporary,3
/work/shelves/731609,india,3
/work/shelves/731609,india-pakistan,3
/work/shelves/731609,ya-lit,3
/work/shelves/14003670,cajas,1
/work/shelves/14003670,griego,1
/work/shelves/14003670,together,1
/work/shelves/14003670,gave-up-on,1
/work/shelves/14003670,dropped,1
/work/shelves/14003670,history-non-fiction,1
/work/shelves/14003670,world-literature,1
/work/shelves/14003670,school-essay-reference,1
/work/shelves/14003670,school,1
/work/shelves/14003670,audio_wanted,1
/work/shelves/14003670,own-kindle,1
/work/shelves/14003670,ιστορικά,1
/work/shelves/14003670,to-be-read-pile,1
/work/shelves/14003670,my-virtual-library,1
/work/shelves/731609,asia,3
/work/shelves/731609,kids,3
/work/shelves/731609,classroom-library,2
/work/shelves/731609,kids-books,2
/work/shelves/731609,strong-female-protagonist,2
/work/shelves/731609,all-time-favorites,2
/work/shelves/731609,children,2
/work/shelves/731609,middle-grade,2
/work/shelves/731609,shabanu,2
/work/shelves/731609,asian,2
/work/shelves/731609,author-female,2
/work/shelves/731609,juvenile-literature,2
/work/shelves/731609,school,2
/work/shelves/731609,books-to-buy,2
/work/shelves/731609,class,2
/work/shelves/731609,childhood-reads,2
/work/shelves/731609,chick-lit,2
/work/shelves/731609,childhood-books,2
/work/shelves/14003670,v_kindle,1
/work/shelves/14003670,on-my-kobo,1
/work/shelves/14003670,have,1
/work/shelves/14003670,to-read-free-kin,1
/work/shelves/14003670,clas-vint,1
/work/shelves/14003670,all-to-read,1
/work/shelves/14003670,read-nonfiction,1
/work/shelves/14003670,herodotus,1
/work/shelves/14003670,bloom-canon-theocratic-age,1
/work/shelves/14003670,books-bce,1
/work/shelves/14003670,lista-clássicos,1
/work/shelves/14003670,historic,1
/work/shelves/14003670,must-read,1
/work/shelves/14003670,mental,1
/work/shelves/14003670,ross,1
/work/shelves/14003670,ancient-works,1
/work/shelves/731609,juvenile,2
/work/shelves/731609,trilogy,2
/work/shelves/731609,childhood-favorites,2
/work/shelves/731609,asian-lit,2
/work/shelves/731609,desi-lit,2
/work/shelves/731609,foreign,2
/work/shelves/731609,i-own,2
/work/shelves/731609,ya-reads,2
/work/shelves/731609,muslim,2
/work/shelves/731609,women,2
/work/shelves/731609,survival,2
/work/shelves/731609,childrens-lit,2
/work/shelves/731609,books-i-read-as-a-kid,2
/work/shelves/731609,young-adult-lit,2
/work/shelves/731609,realistic,2
/work/shelves/731609,culture,2
/work/shelves/731609,girls,1
/work/shelves/3311687,to-read,15200
/work/shelves/3311687,currently-reading,787
/work/shelves/3311687,fiction,514
/work/shelves/3311687,historical-fiction,415
/work/shelves/3311687,favorites,189
/work/shelves/3311687,own,138
/work/shelves/3311687,isabel-allende,113
/work/shelves/3311687,owned,111
/work/shelves/3311687,books-i-own,106
/work/shelves/3311687,historical,82
/work/shelves/3311687,romance,81
/work/shelves/14003670,to-read-classics,1
/work/shelves/14003670,uncle-jim-s-collection,1
/work/shelves/14003670,currently-listening,1
/work/shelves/14003670,audio,1
/work/shelves/14003670,don-t-want-to-read,1
/work/shelves/14003670,books-to-read-next,1
/work/shelves/14003670,Ελληνική-Γραμματεία,1
/work/shelves/14003670,part-read,1
/work/shelves/14003670,want-to-read-history,1
/work/shelves/14003670,purchased-and-next-to-read,1
/work/shelves/14003670,courtneys-picks,1
/work/shelves/14003670,mine,1
/work/shelves/14003670,strategy,1
/work/shelves/731609,middle-school-library,1
/work/shelves/731609,childhood-faves,1
/work/shelves/731609,read-before-gr,1
/work/shelves/731609,global-novels,1
/work/shelves/731609,sequels-i-read-first,1
/work/shelves/731609,historical-ya,1
/work/shelves/731609,unshelved,1
/work/shelves/731609,childhood-nostalgia,1
/work/shelves/731609,romance-teen-things,1
/work/shelves/731609,fol-new-add,1
/work/shelves/731609,contemporary-family-romance-other,1
/work/shelves/731609,mylibrary,1
/work/shelves/731609,autrices,1
/work/shelves/731609,_inde-et-asie-du-sud,1
/work/shelves/731609,diversity,1
/work/shelves/3311687,magical-realism,77
/work/shelves/3311687,chile,73
/work/shelves/3311687,latin-america,59
/work/shelves/3311687,novels,59
/work/shelves/3311687,default,50
/work/shelves/3311687,owned-books,46
/work/shelves/3311687,spanish,44
/work/shelves/3311687,latin-american,41
/work/shelves/3311687,south-america,40
/work/shelves/3311687,literature,37
/work/shelves/3311687,book-club,36
/work/shelves/3311687,novel,35
/work/shelves/3311687,to-buy,31
/work/shelves/3311687,library,30
/work/shelves/3311687,series,26
/work/shelves/3311687,my-books,25
/work/shelves/3311687,allende,24
/work/shelves/3311687,women,23
/work/shelves/3311687,wishlist,22
/work/shelves/3311687,my-library,22
/work/shelves/3311687,latin-american-literature,21
/work/shelves/3311687,adult,21
/work/shelves/3311687,literary-fiction,21
/work/shelves/14003670,eshelf,1
/work/shelves/14003670,books-malcolm-x-read,1
/work/shelves/14003670,documents,1
/work/shelves/14003670,c_ancient_greek_l<br/>iterature,1
/work/shelves/14003670,c_ancient_greek_h<br/>istory,1
/work/shelves/14003670,_antiquity,1
/work/shelves/731609,on-my-shelf,1
/work/shelves/731609,south-east-asian-themes,1
/work/shelves/731609,set-in-asia-f-nf,1
/work/shelves/3311687,adult-fiction,20
/work/shelves/3311687,history,20
/work/shelves/3311687,ebook,18
/work/shelves/3311687,translated,18
/work/shelves/3311687,family,18
/work/shelves/3311687,i-own,17
/work/shelves/3311687,español,17
/work/shelves/3311687,magic-realism,17
/work/shelves/3311687,kindle,16
/work/shelves/3311687,narrativa,16
/work/shelves/3311687,home-library,15
/work/shelves/3311687,california,15
/work/shelves/3311687,audiobook,15
/work/shelves/3311687,ebooks,14
/work/shelves/3311687,drama,14
/work/shelves/3311687,have,13
/work/shelves/3311687,contemporary,13
/work/shelves/3311687,latin,13
/work/shelves/3311687,إيزابيل-الليندي,12
/work/shelves/3311687,on-my-bookshelf,12
/work/shelves/3311687,روايات,12
/work/shelves/3311687,favourites,12
/work/shelves/3311687,read-in-spanish,12
/work/shelves/3311687,general-fiction,12
/work/shelves/3311687,own-it,12
/work/shelves/3311687,bookclub,12
/work/shelves/3311687,america,11
/work/shelves/3311687,owned-tbr,11
/work/shelves/3311687,female-authors,11
/work/shelves/3311687,favorite-authors,11
/work/shelves/3311687,south-american,11
/work/shelves/3311687,latin-american-lit,11
/work/shelves/3311687,contemporary-fiction,11
/work/shelves/3311687,favoritos,10
/work/shelves/1442776,to-read,14519
/work/shelves/1442776,currently-reading,931
/work/shelves/1442776,fiction,667
/work/shelves/1442776,thriller,222
/work/shelves/1442776,mystery,196
/work/shelves/1442776,africa,168
/work/shelves/1442776,own,152
/work/shelves/3311687,e-books,10
/work/shelves/3311687,audio,10
/work/shelves/3311687,on-my-shelf,10
/work/shelves/3311687,latino,10
/work/shelves/3311687,latinx,9
/work/shelves/3311687,shelfari-favorites,9
/work/shelves/3311687,biblioteca,9
/work/shelves/3311687,international,9
/work/shelves/3311687,abandoned,9
/work/shelves/3311687,roman,9
/work/shelves/3311687,literary,9
/work/shelves/3311687,classics,9
/work/shelves/3311687,borrowed,9
/work/shelves/3311687,wish-list,9
/work/shelves/3311687,tbr,8
/work/shelves/3311687,in-my-library,8
/work/shelves/3311687,en-español,8
/work/shelves/1442776,owned,148
/work/shelves/1442776,favorites,127
/work/shelves/1442776,espionage,98
/work/shelves/1442776,default,95
/work/shelves/1442776,crime,78
/work/shelves/1442776,books-i-own,78
/work/shelves/1442776,spy,78
/work/shelves/1442776,mystery-thriller,68
/work/shelves/1442776,novels,43
/work/shelves/1442776,contemporary,42
/work/shelves/1442776,suspense,42
/work/shelves/1442776,john-le-carre,41
/work/shelves/1442776,thrillers,34
/work/shelves/1442776,novel,32
/work/shelves/1442776,owned-books,30
/work/shelves/3311687,owned-to-read,8
/work/shelves/1442776,kindle,30
/work/shelves/1442776,politics,28
/work/shelves/1442776,library,28
/work/shelves/1442776,my-books,27
/work/shelves/1442776,my-library,26
/work/shelves/1442776,spy-thriller,26
/work/shelves/1442776,contemporary-fiction,26
/work/shelves/1442776,ebook,25
/work/shelves/1442776,audiobook,25
/work/shelves/1442776,favourites,24
/work/shelves/1442776,le-carre,23
/work/shelves/1442776,british,23
/work/shelves/1442776,book-club,22
/work/shelves/1442776,spy-novels,22
/work/shelves/1442776,literature,22
/work/shelves/1442776,general-fiction,22
/work/shelves/1442776,mystery-suspense,21
/work/shelves/1442776,audiobooks,21
/work/shelves/1442776,crime-mystery,20
/work/shelves/1442776,audio,20
/work/shelves/1442776,kenya,20
/work/shelves/1442776,adult,18
/work/shelves/1442776,literary-fiction,17
/work/shelves/1442776,to-buy,16
/work/shelves/1442776,john-le-carré,15
/work/shelves/1442776,uk,15
/work/shelves/1442776,wishlist,15
/work/shelves/1442776,crime-fiction,15
/work/shelves/1442776,i-own,15
/work/shelves/1442776,english,14
/work/shelves/1442776,ebooks,13
/work/shelves/1442776,home-library,13
/work/shelves/1442776,books,13
/work/shelves/1442776,have,13
/work/shelves/1442776,romance,13
/work/shelves/1442776,drama,13
/work/shelves/1442776,crime-thriller,12
/work/shelves/1442776,to-read-fiction,12
/work/shelves/1442776,unread,12
/work/shelves/1442776,own-it,12
/work/shelves/1442776,modern-fiction,11
/work/shelves/1442776,historical-fiction,11
/work/shelves/1442776,tbr,10
/work/shelves/1442776,audible,10
/work/shelves/1442776,didn-t-finish,10
/work/shelves/1442776,lecarre,10
/work/shelves/1442776,spies,10
/work/shelves/1442776,england,10
/work/shelves/1442776,bookclub,10
/work/shelves/1442776,suspense-thriller,10
/work/shelves/1442776,dnf,9
/work/shelves/1442776,e-book,9
/work/shelves/1442776,movies,9
/work/shelves/1442776,abandoned,9
/work/shelves/1442776,mysteries,9
/work/shelves/1442776,spy-fiction,9
/work/shelves/1442776,movie,9
/work/shelves/1442776,e-books,8
/work/shelves/1442776,spy-novel,8
/work/shelves/1442776,cultural,8
/work/shelves/1442776,british-lit,8
/work/shelves/1442776,adult-fiction,8
/work/shelves/488219,to-read,44
/work/shelves/488219,japan,6
/work/shelves/488219,currently-reading,3
/work/shelves/488219,law,3
/work/shelves/488219,japanese,2
/work/shelves/488219,true-crime,2
/work/shelves/488219,a,1
/work/shelves/488219,want-to-buy,1
/work/shelves/488219,thinking-strategy,1
/work/shelves/488219,law-jurisprudence,1
/work/shelves/488219,university-press,1
/work/shelves/488219,books-i-want-to-buy,1
/work/shelves/488219,zt-reorder,1
/work/shelves/488219,interpersonal,1
/work/shelves/488219,institutions,1
/work/shelves/488219,dialectics,1
/work/shelves/488219,civil-society,1
/work/shelves/488219,history-of-sex,1
/work/shelves/488219,favorites,1
/work/shelves/488219,ethics,1
/work/shelves/488219,cross-cultural,1
/work/shelves/488219,japan-related,1
/work/shelves/488219,faculty-recommendations,1
/work/shelves/488219,wishlist,1
/work/shelves/488219,non-fiction,1
/work/shelves/24220417,to-read,982
/work/shelves/24220417,currently-reading,191
/work/shelves/24220417,romance,47
/work/shelves/24220417,contemporary-romance,31
/work/shelves/24220417,contemporary,25
/work/shelves/24220417,kindle,16
/work/shelves/24220417,julia-london,15
/work/shelves/24220417,own,11
/work/shelves/24220417,series,11
/work/shelves/24220417,kindle-unlimited,9
/work/shelves/24220417,chick-lit,7
/work/shelves/24220417,audiobooks,6
/work/shelves/24220417,romantic-suspense,6
/work/shelves/24220417,audiobook,5
/work/shelves/24220417,wish-list,5
/work/shelves/24220417,e-book,4
/work/shelves/24220417,audio-book,4
/work/shelves/24220417,owned,4
/work/shelves/24220417,books-i-own,3
/work/shelves/24220417,kindle-books,3
/work/shelves/24220417,ebook,3
/work/shelves/24220417,on-my-kindle,3
/work/shelves/24220417,audible,3
/work/shelves/24220417,to-buy,3
/work/shelves/24220417,audio,3
/work/shelves/24220417,cheating,2
/work/shelves/24220417,kindle-unlimited-audio,2
/work/shelves/24220417,genre-romance,2
/work/shelves/24220417,contemporary-fiction,2
/work/shelves/24220417,london-julia,2
/work/shelves/24220417,zamour-thrillseekers-anonymous,2
/work/shelves/24220417,favorites,2
/work/shelves/24220417,amazon,2
/work/shelves/24220417,ebooks,2
/work/shelves/24220417,just-for-fun,2
/work/shelves/24220417,romance-chick-lit,2
/work/shelves/24220417,suspense,2
/work/shelves/24220417,giveaways-entered,2
/work/shelves/24220417,sports-romance-hot-jocks,2
/work/shelves/24220417,hh-spy-agent-for-crown-and-country,2
/work/shelves/3532896,to-read,1237383
/work/shelves/24220417,hh-love-commitment-marriage-phobic,2
/work/shelves/24220417,hh-famous-celebrity,2
/work/shelves/24220417,hh-actor-actress-celebrity-model,2
/work/shelves/24220417,hero-player-manwhore-sex-addict,2
/work/shelves/24220417,hero-mix-of-alpha-beta,2
/work/shelves/24220417,hero-expert-skilled-voracious-lover,2
/work/shelves/24220417,hero-bad-boy-playboy,2
/work/shelves/24220417,hero-authentic-uber-rake,2
/work/shelves/3532896,currently-reading,34984
/work/shelves/3532896,non-fiction,15056
/work/shelves/3532896,classics,15031
/work/shelves/3532896,history,6332
/work/shelves/3532896,favorites,6223
/work/shelves/24220417,hero-attractive-handsome-heartthrob,2
/work/shelves/24220417,favorite-love-scenes,2
/work/shelves/24220417,cheating-hearts-fidelity-issues,2
/work/shelves/24220417,romance-brain-breal,1
/work/shelves/24220417,borrowed-books,1
/work/shelves/24220417,actors-singers-artists,1
/work/shelves/3532896,biography,5874
/work/shelves/3532896,nonfiction,5733
/work/shelves/3532896,memoir,3811
/work/shelves/3532896,classic,2362
/work/shelves/3532896,books-i-own,2344
/work/shelves/3532896,own,2322
/work/shelves/24220417,dk,1
/work/shelves/24220417,a-xlib,1
/work/shelves/24220417,my-library,1
/work/shelves/24220417,series-complete,1
/work/shelves/24220417,period-contemporary,1
/work/shelves/24220417,zz-temp,1
/work/shelves/24220417,dskg,1
/work/shelves/3532896,young-adult,2302
/work/shelves/3532896,owned,2256
/work/shelves/3532896,historical,2246
/work/shelves/3532896,holocaust,1733
/work/shelves/3532896,autobiography,1589
/work/shelves/3532896,war,1474
/work/shelves/3532896,memoirs,1460
/work/shelves/3532896,biographies,1268
/work/shelves/3532896,wwii,1157
/work/shelves/24220417,books-own-paper,1
/work/shelves/24220417,books-i-own-to-read,1
/work/shelves/24220417,audible-i-own-it,1
/work/shelves/24220417,mount-tbr,1
/work/shelves/24220417,y-series-titles,1
/work/shelves/24220417,a-to-read-first,1
/work/shelves/24220417,series-completar,1
/work/shelves/24220417,tbr-consideration,1
/work/shelves/3532896,school,1079
/work/shelves/3532896,biography-memoir,1022
/work/shelves/3532896,ya,768
/work/shelves/3532896,owned-books,748
/work/shelves/3532896,historical-fiction,732
/work/shelves/3532896,favourites,704
/work/shelves/3532896,world-war-ii,682
/work/shelves/3532896,fiction,644
/work/shelves/3532896,childhood,579
/work/shelves/3532896,my-books,509
/work/shelves/3532896,to-buy,509
/work/shelves/24220417,amazon-kindle-book-purchase,1
/work/shelves/24220417,ll-want_audio,1
/work/shelves/24220417,r-contemporary-romance,1
/work/shelves/24220417,o-exlover-or-present-competition,1
/work/shelves/24220417,not-satisfying,1
/work/shelves/24220417,love-long-time-coming,1
/work/shelves/24220417,love-is-unconvincing,1
/work/shelves/24220417,h-who-i-cannot-connect-with,1
/work/shelves/24220417,h-make-over,1
/work/shelves/3532896,literature,503
/work/shelves/3532896,library,485
/work/shelves/3532896,read-for-school,469
/work/shelves/3532896,memoir-biography,427
/work/shelves/3532896,my-library,414
/work/shelves/3532896,jewish,394
/work/shelves/3532896,wishlist,389
/work/shelves/3532896,rory-gilmore-reading-challenge,388
/work/shelves/24220417,h-heroine-with-comitment-issues,1
/work/shelves/24220417,h-heroine-is-annoying,1
/work/shelves/24220417,h-heroine-has-no-sense,1
/work/shelves/24220417,h-hero-is-annoying,1
/work/shelves/3532896,diary,379
/work/shelves/3532896,default,358
/work/shelves/3532896,school-books,351
/work/shelves/3532896,re-read,346
/work/shelves/3532896,coming-of-age,342
/work/shelves/3532896,anne-frank,341
/work/shelves/3532896,biography-autobiography,326
/work/shelves/3532896,books,312
/work/shelves/3532896,biographical,303
/work/shelves/3532896,bio,299
/work/shelves/3532896,high-school,298
/work/shelves/3532896,middle-school,293
/work/shelves/3532896,for-school,285
/work/shelves/3532896,i-own,273
/work/shelves/3532896,tbr,265
/work/shelves/3532896,dutch,261
/work/shelves/3532896,europe,258
/work/shelves/3532896,childrens,257
/work/shelves/3532896,biographies-memoirs,255
/work/shelves/3532896,kindle,246
/work/shelves/3532896,read-in-school,244
/work/shelves/3532896,classic-literature,242
/work/shelves/3532896,audiobook,240
/work/shelves/3532896,german,239
/work/shelves/3532896,translated,237
/work/shelves/3532896,adult,233
/work/shelves/3532896,dnf,227
/work/shelves/3532896,children,226
/work/shelves/3532896,audiobooks,223
/work/shelves/3532896,auto-biography,222
/work/shelves/3532896,classics-to-read,222
/work/shelves/3532896,must-read,220
/work/shelves/3532896,novels,218
/work/shelves/3532896,rory-gilmore-challenge,207
/work/shelves/3532896,female-authors,206
/work/shelves/3532896,autobiography-memoir,204
/work/shelves/3532896,netherlands,200
/work/shelves/3532896,on-my-shelf,199
/work/shelves/3532896,autobiographies,198
/work/shelves/3532896,childhood-favorites,195
/work/shelves/3532896,bookshelf,194
/work/shelves/3532896,banned-books,190
/work/shelves/3532896,inspirational,190
/work/shelves/3532896,drama,189
/work/shelves/3532896,clásicos,185
/work/shelves/3532896,school-reads,184
/work/shelves/3532896,to-re-read,179
/work/shelves/997476,to-read,111
/work/shelves/997476,currently-reading,10
/work/shelves/997476,venezuela,4
/work/shelves/997476,non-fiction,3
/work/shelves/997476,latin-america,3
/work/shelves/997476,politics,3
/work/shelves/997476,ll,2
/work/shelves/997476,it-wikipedia,2
/work/shelves/997476,own,2
/work/shelves/997476,history,2
/work/shelves/997476,biography,2
/work/shelves/997476,dnf,1
/work/shelves/997476,to-read-per,1
/work/shelves/997476,politics-and-history,1
/work/shelves/997476,venuzuela,1
/work/shelves/997476,history-religion-philosophy,1
/work/shelves/997476,booknook,1
/work/shelves/997476,world-reads,1
/work/shelves/997476,my-personal-collection,1
/work/shelves/997476,en-espanol,1
/work/shelves/997476,condemned-to-repeat-it-apparently,1
/work/shelves/997476,breaking-ground,1
/work/shelves/997476,_lfpl-library,1
/work/shelves/997476,memoirs,1
/work/shelves/997476,our-books,1
/work/shelves/997476,biographies,1
/work/shelves/997476,jeffrey-s-library,1
/work/shelves/997476,political-extremism,1
/work/shelves/997476,latin-american-history,1
/work/shelves/997476,my-library,1
/work/shelves/997476,biografias,1
/work/shelves/997476,politica,1
/work/shelves/997476,historia,1
/work/shelves/997476,en-casa,1
/work/shelves/997476,to-read-nonfiction,1
/work/shelves/997476,wishlist,1
/work/shelves/997476,world-history,1
/work/shelves/997476,south-america,1
/work/shelves/997476,autobiographies-biographies-and-mem,1
/work/shelves/997476,patriot-act-blacklist-here-i-comes,1
/work/shelves/997476,currently-own,1
/work/shelves/997476,fell-off-the-shelf,1
/work/shelves/997476,politicalbiograph<br/>y,1
/work/shelves/997476,dnu,-1
/work/shelves/997476,do-not-use,-1
/work/shelves/488223,to-read,30
/work/shelves/488223,non-fiction,3
/work/shelves/488223,latin-america,2
/work/shelves/488223,currently-reading,2
/work/shelves/488223,wishlist-nonfiction,1
/work/shelves/488223,wishlist-nf,1
/work/shelves/488223,shelfari-non-fiction,1
/work/shelves/488223,politics,1
/work/shelves/488223,mexico,1
/work/shelves/488223,legal-history,1
/work/shelves/488223,civil-rights,1
/work/shelves/488223,susie,1
/work/shelves/488223,tbr-wayback,1
/work/shelves/488223,tbr-nonfiction,1
/work/shelves/488223,tbr,1
/work/shelves/488223,world-reads,1
/work/shelves/488223,biography,1
/work/shelves/488223,nonfiction,1
/work/shelves/488230,to-read,43
/work/shelves/488230,history,3
/work/shelves/488230,currently-reading,3
/work/shelves/488230,historia,1
/work/shelves/488230,europeanhistory,1
/work/shelves/488230,anatomyoffascism-book,1
/work/shelves/488230,germany,1
/work/shelves/488230,to-read-world-war-ii,1
/work/shelves/488230,non-fiction,1
/work/shelves/488230,holocaust-books,1
/work/shelves/488230,wwii,1
/work/shelves/488230,default,1
/work/shelves/488230,to-read-history,1
/work/shelves/488230,war,1
/work/shelves/488230,politics,1
/work/shelves/488230,health,1
/work/shelves/488230,nazi-germany,1
/work/shelves/488230,euro-hist,1
/work/shelves/488230,no-ebook,1
/work/shelves/488230,no-ab-d,1
/work/shelves/488230,wish-list,1
/work/shelves/488230,history-ii-world-war,1
/work/shelves/488230,medical,1
/work/shelves/488245,to-read,4
/work/shelves/488245,law,2
/work/shelves/488245,legal,2
/work/shelves/488245,study-material,1
/work/shelves/488245,currently-reading,1
/work/shelves/488245,law-school,1
/work/shelves/488245,mpa,1
